=A2-1+10,=3*1-B4,=1*C8+2+A1,=A1^2,=A2-1+10,=3*1-B4,=A2-1+10,=3*1-B4,=1*C8+2+A1,=A1^2,=A2-1+10,=3*1-B4,=A2-1+10
=3+4,,=A1+4*A1,=34-33,=A2-1+10,=3*1-B4,=1*C8+2+A1,=A1^2,=A2-1
=A1+1,=(43-13)/2,=3/5,=A2-1+10,=3*1-B4,=1*C8+2+A1,=A1^2,=A2-1
,=(3+1)^3+A1-A2,=B4-B3/5,=A1+1,=5^3,=A2-1
=B5+3,=A5+4-A1,,,=A2-1+10,=
=A2-1+10,=3*1-B4,=1*C8+2+A1,=A1^2,=A2-1+10,=3*1-B4
=3+4,,=A1+4*A1,=34-33,=A2-1+10,=3*1-B4,=1*C8+2+A1,=A1^2,=A2-1
=A1+1,=(43-13)/2,=3/5,=A2-1+10,=3*1-B4,=1*C8+2+A1,=A1^2,=A2-1
,=(3+1)^3+A1-A2,=B4-B3/5,=A1+1,=5^3,=A2-1
=B5+3,=A5+4-A1,,,=A2-1+10,=
=B5+3,=A5+4-A1,,,=A2-1+10,=
=A2-1+10,=3*1-B4,=1*C8+2+A1,=A1^2,=A2-1+10,=3*1-B4
=3+4,,=A1+4*A1,=34-33,=A2-1+10,=3*1-B4,=1*C8+2+A1,=A1^2,=A2-1
=A1+1,=(43-13)/2,=3/5,=A2-1+10,=3*1-B4,=1*C8+2+A1,=A1^2,=A2-1
,=(3+1)^3+A1-A2,=B4-B3/5,=A1+1,=5^3,=A2-1
=B5+3,=A5+4-A1,,,=A2-1+10,=
=A2-1+10,=3*1-B4,=1*C8+2+A1,=A1^2,=A2-1+10,=3*1-B4
=3+4,,=A1+4*A1,=34-33,=A2-1+10,=3*1-B4,=1*C8+2+A1,=A1^2,=A2-1
=A1+1,=(43-13)/2,=3/5,=A2-1+10,=3*1-B4,=1*C8+2+A1,=A1^2,=A2-1
,=(3+1)^3+A1-A2,=B4-B3/5,=A1+1,=5^3,=A2-1
=B5+3,=A5+4-A1,,,=A2-1+10,=
=B5+3,=A5+4-A1,,,=A2-1+10,=
=A2-1+10,=3*1-B4,=1*C8+2+A1,=A1^2,=A2-1+10,=3*1-B4
=3+4,,=A1+4*A1,=34-33,=A2-1+10,=3*1-B4,=1*C8+2+A1,=A1^2,=A2-1
=A1+1,=(43-13)/2,=3/5,=A2-1+10,=3*1-B4,=1*C8+2+A1,=A1^2,=A2-1
,=(3+1)^3+A1-A2,=B4-B3/5,=A1+1,=5^3,=A2-1
=B5+3,=A5+4-A1,,,=A2-1+10,=
=A2-1+10,=3*1-B4,=1*C8+2+A1,=A1^2,=A2-1+10,=3*1-B4
=3+4,,=A1+4*A1,=34-33,=A2-1+10,=3*1-B4,=1*C8+2+A1,=A1^2,=A2-1
=A1+1,=(43-13)/2,=3/5,=A2-1+10,=3*1-B4,=1*C8+2+A1,=A1^2,=A2-1
,=(3+1)^3+A1-A2,=B4-B3/5,=A1+1,=5^3,=A2-1
=B5+3,=A5+4-A1,,,=A2-1+10,=
=B5+3,=A5+4-A1,,,=A2-1+10,=
